token_address,TokenName
0xC02aaA39b223FE8D0A0e5C4F27eAD9083C756Cc2,Wrapped Ether (WETH)
0x2b591e99afE9f32eAA6214f7B7629768c40Eeb39,HEX (HEX)
0xdAC17F958D2ee523a2206206994597C13D831ec7,Tether USD (USDT)
0xA0b86991c6218b36c1d19D4a2e9Eb0cE3606eB48,USD Coin (USDC)
0x1f9840a85d5aF5bf1D1762F925BDADdC4201F984,Uniswap (UNI)
0x4Fabb145d64652a948d72533023f6E7A623C7C53,Binance USD (BUSD)
0x514910771AF9Ca656af840dff83E8264EcF986CA,ChainLink Token (LINK)
0x2260FAC5E5542a773Aa44fBCfeDf7C193bc2C599,Wrapped BTC (WBTC)
0x6e1A19F235bE7ED8E3369eF73b196C07257494DE,Wrapped Filecoin (WFIL)
0xE1Be5D3f34e89dE342Ee97E6e90D405884dA6c67,TRON (TRX)
0x6B175474E89094C44Da98b954EedeAC495271d0F,Dai Stablecoin (DAI)
0x4Ddc2D193948926D02f9B1fE9e1daa0718270ED5,Compound Ether (cETH)
0x4E15361FD6b4BB609Fa63C81A2be19d873717870,Fantom Token (FTM)
0xae7ab96520DE3A18E5e111B5EaAb095312D7fE84,stETH (stETH)
0xA0b73E1Ff0B80914AB6fe0444E65848C4C34450b,Crypto.com Coin (CRO)
0x75231F58b43240C9718Dd58B4967c5114342a86c,OKB (OKB)
0x4a220E6096B25EADb88358cb44068A3248254675,Quant (QNT)
0xc944E90C64B2c07662A292be6244BDf05Cda44a7,Graph Token (GRT)
0xa47c8bf37f92aBed4A126BDA807A7b7498661acD,Wrapped UST Token (UST)
0x39AA39c021dfbaE8faC545936693aC917d5E7563,Compound USD Coin (cUSDC)
0x2AF5D2aD76741191D15Dfe7bF6aC92d4Bd912Ca3,Bitfinex LEO Token (LEO)
0x5d3a536E4D6DbD6114cc1Ead35777bAB948E3643,Compound Dai (cDAI)
0xE83CCCfABD4eD148903Bf36d4283eE7C8b3494D1,BitTorrent (BTT)
0xaaAEBE6Fe48E54f431b0C390CfaF0b017d09D42d,Celsius (CEL)
0xfF20817765cB7f73d4bde2e66e067E58D11095C2,Amp (AMP)
0x9f8F72aA9304c8B593d555F12eF6589cC3A579A2,Maker (MKR)
0x0316EB71485b0Ab14103307bf65a021042c6d380,Huobi BTC (HBTC)
0x6B3595068778DD592e39A122f4f5a5cF09C90fE2,SushiToken (SUSHI)
0xd26114cd6EE289AccF82350c8d8487fedB8A0C07,OMG Network (OMG)
0xc00e94Cb662C3520282E6f5717214004A7f26888,Compound (COMP)
0xE452E6Ea2dDeB012e20dB73bf5d3863A3Ac8d77a,Wrapped Celo (wCELO)
0x3506424F91fD33084466F402d5D97f05F8e3b4AF,chiliZ (CHZ)
0xC011a73ee8576Fb46F5E1c5751cA3B9Fe0af2a6F,Synthetix Network Token (SNX)
0x6c6EE5e31d828De241282B9606C8e98Ea48526E2,HoloToken (HOT)
0xF629cBd94d3791C9250152BD8dfBDF380E2a3B9c,EnjinCoin (ENJ)
0x41AB1b6fcbB2fA9DCEd81aCbdeC13Ea6315F2Bf2,XinFin XDCE (XDCE)
0x0000000000085d4780B73119b644AE5ecd22b376,TrueUSD (TUSD)
0x0bc529c00C6401aEF6D220BE8C6Ea1667F6Ad93e,yearn.finance (YFI)
0x6f259637dcD74C767781E37Bc6133cd6A68aa161,HuobiToken (HT)
0x99D8a9C45b2ecA8864373A26D1459e3Dff1e17F3,Magic Internet Money (MIM)
0x0D8775F648430679A709E98d2b0Cb6250d2887EF,BAT (BAT)
0x476c5E26a75bd202a9683ffD34359C0CC15be0fF,Serum (SRM)
0x16631e53C20Fd2670027C6D53EfE2642929b285C,pTokens SAFEMOON (pSAFEMOON)
0x467Bccd9d29f223BcE8043b84E8C8B282827790F,Telcoin (TEL)
0xB62132e35a6c13ee1EE0f84dC5d40bad8d815206,Nexo (NEXO)
0x8E870D67F660D95d5be530380D0eC0bd388289E1,Pax Dollar (USDP)
0xEB4C2781e4ebA804CE9a9803C67d0893436bB27D,renBTC (renBTC)
0x1F573D6Fb3F13d689FF844B4cE37794d79a7FF1C,Bancor (BNT)
0xf34960d9d60be18cC1D5Afc1A6F012A723a28811,KuCoin Token (KCS)
0xE41d2489571d322189246DaFA5ebDe1F4699F498,ZRX (ZRX)
0x4F9254C83EB525f9FCf346490bbb3ed28a81C667,CelerToken (CELR)
0xf650C3d88D12dB855b8bf7D11Be6C55A4e07dCC9,Compound USDT (cUSDT)
0x9992eC3cF6A55b00978cdDF2b27BC6882d88D1eC,Polymath (POLY)
0x3845badAde8e6dFF049820680d1F14bD3903a5d0,SAND (SAND)
0x6fB3e0A217407EFFf7Ca062D46c26E5d60a14d69,IoTeX Network (IOTX)
0xba9d4199faB4f26eFE3551D490E3821486f135Ba,SwissBorg (CHSB)
0x04Fa0d235C4abf4BcF4787aF4CF447DE572eF828,UMA Voting Token v1 (UMA)
0xB4EFd85c19999D84251304bDA99E90B92300Bd93,Rocket Pool (RPL)
0x7DD9c5Cba05E151C895FDe1CF355C9A1D5DA6429,Golem Network Token (GLM)
0x3597bfD533a99c9aa083587B074434E61Eb0A258,DENT (DENT)
0x111111111117dC0aa78b770fA6A738034120C302,1INCH Token (1INCH)
0xaea46A60368A7bD060eec7DF8CBa43b7EF41Ad85,Fetch (FET)
0x956F47F50A910163D8BF957Cf5846D573E7f87CA,Fei USD (FEI)
0x39Bb259F66E1C59d5ABEF88375979b4D20D98022,WAX Token (WAX)
0xBBbbCA6A901c926F240b89EacB641d8Aec7AEafD,LoopringCoin V2 (LRC)
0x767FE9EDC9E0dF98E07454847909b5E959D7ca0E,Illuvium (ILV)
0xe28b3B32B6c345A34Ff64674606124Dd5Aceca30,Injective Token (INJ)
0xff56Cc6b1E6dEd347aA0B7676C85AB0B3D08B0FA,Orbs (ORBS)
0x744d70FDBE2Ba4CF95131626614a1763DF805B9E,StatusNetwork (SNT)
0x853d955aCEf822Db058eb8505911ED77F175b99e,Frax (FRAX)
0x967da4048cD07aB37855c090aAF366e4ce1b9F48,Ocean Token (OCEAN)
0xBA11D00c5f74255f56a5E366F4F77f5A186d7f55,BandToken (BAND)
0x69af81e73A73B40adF4f3d4223Cd9b1ECE623074,Mask Network (MASK)
0x5B7533812759B45C2B44C19e320ba2cD2681b542,SingularityNET Token (AGIX)
0x8400D94A5cb0fa0D041a3788e395285d61c9ee5e,UniBright (UBT)
0xbE9375C6a420D2eEB258962efB95551A5b722803,StormX (STMX)
0x43Dfc4159D86F3A37A5A4B3D4580b888ad7d4DDd,DODO bird (DODO)
0x8207c1FfC5B6804F6024322CcF34F29c3541Ae26,OriginToken (OGN)
0x45804880De22913dAFE09f4980848ECE6EcbAf78,Paxos Gold (PAXG)
0xbf2179859fc6D5BEE9Bf9158632Dc51678a4100e,ELF (ELF)
0xfc82bb4ba86045Af6F327323a46E80412b91b27d,Token Prometeus Network (PROM)
0xD291E7a03283640FDc51b121aC401383A46cC623,Rari Governance Token (RGT)
0xEA26c4aC16D4a5A106820BC8AEE85fd0b7b2b664,QuarkChain Token (QKC)
0xc7283b66Eb1EB5FB86327f08e1B5816b0720212B,Tribe (TRIBE)
0x221657776846890989a759BA2973e427DfF5C9bB,Reputation (REPv2)
0x55296f69f40Ea6d20E478533C15A6B08B654E758,XY Oracle (XYO)
0x0c7D5ae016f806603CB1782bEa29AC69471CAb9c,Bifrost (BFC)
0x178c820f862B14f316509ec36b13123DA19A6054,Energy Web Token Bridged (EWTB)
0xdF574c24545E5FfEcb9a659c229253D4111d87e1,HUSD (HUSD)
0x607F4C5BB672230e8672085532f7e901544a7375,RLC (RLC)
0x5Cf04716BA20127F1E2297AdDCf4B5035000c9eb,NKN (NKN)
0x1776e1F26f98b1A5dF9cD347953a26dd3Cb46671,Numeraire (NMR)
0x580c8520dEDA0a441522AEAe0f9F7A5f29629aFa,Dawn (DAWN)
0xba100000625a3754423978a60c9317c58a424e3D,Balancer (BAL)
0xcca0c9c383076649604eE31b20248BC04FdF61cA,BitMax token (BTMX)
0x85Eee30c52B0b379b046Fb0F85F4f3Dc3009aFEC,KEEP Token (KEEP)
0xF433089366899D83a9f26A773D59ec7eCF30355e,Metal (MTL)
0x5A98FcBEA516Cf06857215779Fd812CA3beF1B32,Lido DAO Token (LDO)
0x419D0d8BdD9aF5e606Ae2232ed285Aff190E711b,FunFair (FUN)
0xDe7D85157d9714EADf595045CC12Ca4A5f3E2aDb,STPT (STPT)
0x4C19596f5aAfF459fA38B0f7eD92F11AE6543784,TrueFi (TRU)
0x8A2279d4A90B6fe1C4B30fa660cC9f926797bAA2,Chroma (CHR)
0x056Fd409E1d7A124BD7017459dFEa2F387b6d5Cd,Gemini dollar (GUSD)
0xf16e81dce15B08F326220742020379B855B87DF9,IceToken (ICE)
0xB64ef51C888972c908CFacf59B47C1AfBC0Ab8aC,Storj (STORJ)
0x4575f41308EC1483f3d399aa9a2826d74Da13Deb,Orchid (OXT)
0xCC8Fa225D80b9c7D42F96e9570156c65D6cAAa25,Smooth Love Potion (SLP)
0xec67005c4E498Ec7f55E092bd1d35cbC47C91892,Melon Token (MLN)
0x3432B6A60D23Ca0dFCa7761B7ab56459D9C964D0,Frax Share (FXS)
0xEC213F83defB583af3A000B1c0ada660b1902A0F,Presearch (PRE)
0xCdCFc0f66c522Fd086A1b725ea3c0Eeb9F9e8814,Aurora DAO (AURA)
0xD417144312DbF50465b1C641d016962017Ef6240,Covalent Query Token (CQT)
0xa117000000f279D81A1D3cc75430fAA017FA5A2e,Aragon Network Token (ANT)
0xaA7a9CA87d3694B5755f213B5D04094b8d0F0A6F,Trace (TRAC)
0x595832F8FC6BF59c85C527fEC3740A1b7a361269,PowerLedger (POWR)
0xE95A203B1a91a908F9B9CE46459d101078c2c3cb,Ankr Eth2 Reward Bearing Certificate (aETHc)
0x08d967bb0134F2d07f7cfb6E246680c53927DD30,MATH Token (MATH)
0x57Ab1ec28D129707052df4dF418D58a2D46d5f51,Synth sUSD (sUSD)
0x7B0C06043468469967DBA22d1AF33d77d44056c8,Morpheus.Network (MRPH)
0xdd974D5C2e2928deA5F71b9825b8b646686BD200,KyberNetwork (KNC)
0x80fB784B7eD66730e8b1DBd9820aFD29931aab03,EthLend (LEND)
0x26E75307Fc0C021472fEb8F727839531F112f317,Crypto20 (C20)
0x6c28AeF8977c9B773996d0e8376d2EE379446F2f,Quickswap (QUICK)
0x818Fc6C2Ec5986bc6E2CBf00939d90556aB12ce5,Kin (KIN)
0x8f8221aFbB33998d8584A2B05749bA73c37a938a,Request (REQ)
0x5228a22e72ccC52d415EcFd199F99D0665E7733b,pTokens BTC (pBTC)
0x8806926Ab68EB5a7b909DcAf6FdBe5d93271D6e2,Uquid Coin (UQC)
0xB63B606Ac810a52cCa15e44bB630fd42D8d1d83d,MCO (MCO)
0xB3319f5D18Bc0D84dD1b4825Dcde5d5f7266d407,Compound 0x (cZRX)
0x389999216860AB8E0175387A0c90E5c52522C945,FEGtoken (FEG)
0xDF2C7238198Ad8B389666574f2d8bc411A4b7428,Mainframe Token (MFT)
0x115eC79F1de567eC68B7AE7eDA501b406626478e,CarryToken (CRE)
0xb17C88bDA07D28B3838E0c1dE6a30eAfBCF52D85,Shyft [ Wrapped ] (SHFT)
0x77FbA179C79De5B7653F68b5039Af940AdA60ce0,Ampleforth Governance (FORTH)
0xDe30da39c46104798bB5aA3fe8B9e0e1F348163F,Gitcoin (GTC)
0x0391D2021f89DC339F60Fff84546EA23E337750f,BarnBridge Governance Token (BOND)
0x5Ca381bBfb58f0092df149bD3D243b08B9a8386e,MXCToken (MXC)
0x5e3346444010135322268a4630d2ED5F8D09446c,LockTrip (LOC)
0xb59490aB09A0f526Cc7305822aC65f2Ab12f9723,Litentry (LIT)
0xd0929d411954c47438dc1d871dd6081F5C5e149c,Refereum (RFR)
0xdB25f211AB05b1c97D595516F45794528a807ad8,STASIS EURS Token (EURS)
0x88dF592F8eb5D7Bd38bFeF7dEb0fBc02cf3778a0,Tellor Tributes (TRB)
0x584bC13c7D411c00c01A62e8019472dE68768430,Hegic (HEGIC)
0x0d438F3b5175Bebc262bF23753C1E53d03432bDE,Wrapped NXM (wNXM)
0x91Af0fBB28ABA7E31403Cb457106Ce79397FD4E6,Aergo (AERGO)
0x56d811088235F11C8920698a204A5010a788f4b3,bZx Protocol Token (BZRX)
0xad3E3Fc59dff318BecEaAb7D00EB4F68b1EcF195,Wrapped Celo USD (wCUSD)
0xcB97e65F07DA24D46BcDD078EBebd7C6E6E3d750,Bytom (BTM)
0x3593D125a4f7849a1B059E64F4517A86Dd60c95d,MANTRA DAO (OM)
0x037A54AaB062628C9Bbae1FDB1583c195585fe41,LCX (LCX)
0x84cA8bc7997272c7CfB4D0Cd3D55cd942B3c9419,DIAToken (DIA)
0xEE06A81a695750E71a662B51066F2c74CF4478a0,decentral.games ($DG)
0x6C8c6b02E7b2BE14d4fA6022Dfd6d75921D90E4E,Compound Basic Attention Token (cBAT)
0xFca59Cd816aB1eaD66534D82bc21E7515cE441CF,Rarible (RARI)
0x2F109021aFe75B949429fe30523Ee7C0D5B27207,OCC (OCC)
0x0Ae055097C6d159879521C384F1D2123D1f195e6,STAKE (STAKE)
0xD7EFB00d12C2c13131FD319336Fdf952525dA2af,Proton (XPR)
0x57B946008913B82E4dF85f501cbAeD910e58D26C,Marlin POND (POND)
0x70e8dE73cE538DA2bEEd35d14187F6959a8ecA96,XSGD (XSGD)
0x93ED3FBe21207Ec2E8f2d3c3de6e058Cb73Bc04d,Pinakion (PNK)
0xCF3C8Be2e2C42331Da80EF210e9B1b307C03d36A,BetProtocolToken (BEPRO)
0x362bc847A3a9637d3af6624EeC853618a43ed7D2,Parsiq Token (PRQ)
0x431ad2ff6a9C365805eBaD47Ee021148d6f7DBe0,dForce (DF)
0x5218E472cFCFE0b64A064F055B43b4cdC9EfD3A6,UnFederalReserveToken (eRSDL)
0x419c4dB4B9e25d6Db2AD9691ccb832C8D9fDA05E,Dragon (DRGN)
0xE5Dada80Aa6477e85d09747f2842f7993D0Df71C,Dock (DOCK)
0x940a2dB1B7008B6C776d4faaCa729d6d4A4AA551,Dusk Network (DUSK)
0x89d24A6b4CcB1B6fAA2625fE562bDD9a23260359,Sai Stablecoin v1.0 (SAI)
0x0000000000095413afC295d19EDeb1Ad7B71c952,LON Token (LON)
0xE0B7927c4aF23765Cb51314A0E0521A9645F0E2A,DGD (DGD)
0xa3d58c4E56fedCae3a7c43A725aeE9A71F0ece4e,Metronome (MET)
0x0202Be363B8a4820f3F4DE7FaF5224fF05943AB1,UniLend Finance Token (UFT)
0x226bb599a12C826476e3A771454697EA52E9E220,Propy (PRO)
0xb683D83a532e2Cb7DFa5275eED3698436371cc9f,BTU Protocol (BTU)
0xb6EE9668771a79be7967ee29a63D4184F8097143,CargoX (CXO)
0xa2791BdF2D5055Cda4d46EC17f9F429568275047,Nuls (NULS)
0x618E75Ac90b12c6049Ba3b27f5d5F8651b0037F6,QASH (QASH)
0x8f3470A7388c05eE4e7AF3d01D8C722b0FF52374,Veritaseum (VERI)
0x1614F18Fc94f47967A3Fbe5FfcD46d4e7Da3D787,PAID Network (PAID)
0x9B02dD390a603Add5c07f9fd9175b7DABE8D63B7,Shopping.io (SPI)
0xDFe66B14D37C77F4E9b180cEb433d1b164f0281D,stakedETH (stETH)
0x8a854288a5976036A725879164Ca3e91d30c6A1B,Guaranteed Entrance Token (GET)
0xfB7B4564402E5500dB5bB6d63Ae671302777C75a,DEXTools (DEXT)
0x986EE2B944c42D017F52Af21c4c69B84DBeA35d8,BitMartToken (BMC)
0xb753428af26E81097e7fD17f40c88aaA3E04902c,Spice (SFI)
0x27054b13b1B798B345b591a4d22e6562d47eA75a,AirSwap (AST)
0x1c48f86ae57291F7686349F12601910BD8D470bb,USDK (USDK)
0x99ea4dB9EE77ACD40B119BD1dC4E33e1C070b80d,Quantstamp (QSP)
0x8B39B70E39Aa811b69365398e0aACe9bee238AEb,PolkaFoundry (PKF)
0x255Aa6DF07540Cb5d3d297f0D0D4D84cb52bc8e6,Raiden (RDN)
0x1b40183EFB4Dd766f11bDa7A7c3AD8982e998421,VesperToken (VSP)
0x9B99CcA871Be05119B2012fd4474731dd653FEBe,Antimatter.Finance Governance Token (MATTER)
0xF4d861575ecC9493420A3f5a14F85B13f0b50EB3,Fractal Protocol Token (FCL)
0x0cEC1A9154Ff802e7934Fc916Ed7Ca50bDE6844e,PoolTogether (POOL)
0x3aFfCCa64c2A6f4e3B6Bd9c64CD2C969EFd1ECBe,DSLA (DSLA)
0x89Ab32156e46F46D02ade3FEcbe5Fc4243B9AAeD,pNetwork Token (PNT)
0x746DdA2ea243400D5a63e0700F190aB79f06489e,BOSAGORA (BOA)
0x1796ae0b0fa4862485106a0de9b654eFE301D0b2,Polkamon (PMON)
0x626E8036dEB333b408Be468F951bdB42433cBF18,AIOZ Network (AIOZ)
0x340D2bdE5Eb28c1eed91B2f790723E3B160613B7,BLOCKv (VEE)
0x954b890704693af242613edEf1B603825afcD708,Cardstack (CARD)
0xee573a945B01B788B9287CE062A0CFC15bE9fd86,Exeedme (XED)
0xAAA7A10a8ee237ea61E8AC46C50A8Db8bCC1baaa,QANX Token (QANX)
0x15B543e986b8c34074DFc9901136d9355a537e7E,Student Coin (STC)
0xd4c435F5B09F855C3317c8524Cb1F586E42795fa,Cindicator (CND)
0x1955d744F9435522Be508D1Ba60E3c12D0690B6A,WPPToken (WPP)
0xF5581dFeFD8Fb0e4aeC526bE659CFaB1f8c781dA,HOPR Token (HOPR)
0xE1c7E30C42C24582888C758984f6e382096786bd,Curate (XCUR)
0x0C6f5F7D555E7518f6841a79436BD2b1Eef03381,CocosToken (COCOS)
0xE5B826Ca2Ca02F09c1725e9bd98d9a8874C30532,ZEON (ZEON)
0xe2f2a5C287993345a840Db3B0845fbC70f5935a5,mStable USD (mUSD)
0xc3761EB917CD790B30dAD99f6Cc5b4Ff93C4F9eA,ERC20 (ERC20)
0x814e0908b12A99FeCf5BC101bB5d0b8B5cDf7d26,Measurable Data Token (MDT)
0xd4fa1460F537bb9085d22C7bcCB5DD450Ef28e3a,Populous (PPT)
0x9469D013805bFfB7D3DEBe5E7839237e535ec483,Darwinia Network Native Token (RING)
0x761D38e5ddf6ccf6Cf7c55759d5210750B5D60F3,Dogelon (ELON)
0x72dD4b6bd852A3AA172Be4d6C5a6dbEc588cf131,NAGA Coin (NGC)
0xE884cc2795b9c45bEeac0607DA9539Fd571cCF85,Ultiledger (ULT)
0x16ECCfDbb4eE1A85A33f3A9B21175Cd7Ae753dB4,Route (ROUTE)
0x08c32b0726C5684024ea6e141C50aDe9690bBdcc,Stratos Token (STOS)
0x6149C26Cd2f7b5CCdb32029aF817123F6E37Df5B,Launchpool token (LPOOL)
0x4CC19356f2D37338b9802aa8E8fc58B0373296E7,SelfKey (KEY)
0x6531f133e6DeeBe7F2dcE5A0441aA7ef330B4e53,TIME (TIME)
0x4946Fcea7C692606e8908002e55A582af44AC121,FOAM Token (FOAM)
0x4a527d8fc13C5203AB24BA0944F4Cb14658D1Db6,Morpheus Infrastructure Token (MITx)
0x808507121B80c02388fAd14726482e061B8da827,Pendle (PENDLE)
0x1337DEF16F9B486fAEd0293eb623Dc8395dFE46a,Armor (ARMOR)
0xcfcEcFe2bD2FED07A9145222E8a7ad9Cf1Ccd22A,Adshares (ADS)
0x02F61Fd266DA6E8B102D4121f5CE7b992640CF98,LikeCoin (LIKE)
0x544c42fBB96B39B21DF61cf322b5EDC285EE7429,InsurAce (INSUR)
0x298d492e8c1d909D3F63Bc4A36C66c64ACB3d695,PolkaBridge (PBR)
0x8971f9fd7196e5cEE2C1032B50F656855af7Dd26,Lambda (LAMB)
0x4DC3643DbC642b72C158E7F3d2ff232df61cb6CE,Amber (AMB)
0xb9EF770B6A5e12E45983C5D80545258aA38F3B78,0chain (ZCN)
0x2781246fe707bB15CeE3e5ea354e2154a2877B16,ELYSIA (EL)
0x4c11249814f11b9346808179Cf06e71ac328c1b5,Oraichain Token (ORAI)
0x7865af71cf0b288b4E7F654f4F7851EB46a2B7F8,Sentivate (SNTVT)
0xa3BeD4E1c75D00fa6f4E5E6922DB7261B5E9AcD2,Meta (MTA)
0x2Ab6Bb8408ca3199B8Fa6C92d5b455F820Af03c4,TE-FOOD/TustChain (TONE)
0x054D64b73d3D8A21Af3D764eFd76bCaA774f3Bb2,Plasma (PPAY)
0x103c3A209da59d3E7C4A89307e66521e081CFDF0,Genesis Vision (GVT)
0xca1207647Ff814039530D7d35df0e1Dd2e91Fa84,dHedge DAO Token (DHT)
0x5a666c7d92E5fA7Edcb6390E4efD6d0CDd69cF37,UnmarshalToken (MARSH)
0xB98d4C97425d9908E66E53A6fDf673ACcA0BE986,ArcBlock (ABT)
0xaD22f63404f7305e4713CcBd4F296f34770513f4,Atomic Wallet Token (AWC)
0x7C5A0CE9267ED19B22F8cae653F198e3E8daf098,SAN (SAN)
0xc5bDdf9843308380375a611c18B50Fb9341f502A,veCRV-DAO yVault (yveCRV-DAO)
0x6425c6BE902d692AE2db752B3c268AFAdb099D3b,RED MWAT (MWAT)
0x1735Db6AB5BAa19eA55d0AdcEeD7bcDc008B3136,UREEQA Token (URQA)
0x1F8A626883d7724DBd59eF51CBD4BF1Cf2016D13,Jigstack (STAK)
0xF970b8E36e23F7fC3FD752EeA86f8Be8D83375A6,RipioCreditNetwork (RCN)
0xf3Db5Fa2C66B7aF3Eb0C0b782510816cbe4813b8,Everex (EVX)
0x558EC3152e2eb2174905cd19AeA4e34A23DE9aD6,Bread (BRD)
0x9E46A38F5DaaBe8683E10793b06749EEF7D733d1,Nectar (NCT)
0x51DB5Ad35C671a87207d88fC11d593AC0C8415bd,Moeda Loyalty Points (MDA)
0x286BDA1413a2Df81731D4930ce2F862a35A609fE,WaBi (WaBi)
0xa02120696c7B8fE16C09C749E4598819b2B0E915,Wirex Token (WXT)
0x798D1bE841a82a273720CE31c822C61a67a601C3,Digg (DIGG)
0x30f271C9E86D2B7d00a6376Cd96A1cFBD5F0b9b3,Decentr (DEC)
0x42d6622deCe394b54999Fbd73D108123806f6a18,SPANK (SPANK)
0x12B19D3e2ccc14Da04FAe33e63652ce469b3F2FD,GRID (GRID)
0xc07A150ECAdF2cc352f5586396e344A6b17625EB,BioPassport Coin (BIOT)
0xFdB29741F239a2406AE287913Ef12415160378d3,EthOS (OS)
0x765f0C16D1Ddc279295c1a7C24B0883F62d33F75,DaTa eXchange Token (DTX)
0x08389495D7456E1951ddF7c3a1314A4bfb646d8B,CRPT (CRPT)
0x2F141Ce366a2462f02cEA3D12CF93E4DCa49e4Fd,Free Coin (FREE)
0x9040e237C3bF18347bb00957Dc22167D0f2b999d,Standard (STND)
0xfB559CE67Ff522ec0b9Ba7f5dC9dc7EF6c139803,ProBit Token (PROB)
0x8A9C67fee641579dEbA04928c4BC45F66e26343A,Jarvis Reward Token (JRT)
0xf3db7560E820834658B590C96234c333Cd3D5E5e,Poker Chips (CHP)
0x701C244b988a513c945973dEFA05de933b23Fe1D,OpenANX (OAX)
0x21BfBDa47A0B4B5b1248c767Ee49F7caA9B23697,OVR (OVR)
0x327673aE6B33Bd3d90f0096870059994f30Dc8AF,Lympo Market Token (LMT)
0x0AeE8703D34DD9aE107386d3eFF22AE75Dd616D1,Tranche Finance (SLICE)
0xad32A8e6220741182940c5aBF610bDE99E737b2D,PieDAO DOUGH v2 (DOUGH)
0x464eBE77c293E473B48cFe96dDCf88fcF7bFDAC0,Kryll (KRL)
0x0bb217E40F8a5Cb79Adf04E1aAb60E5abd0dfC1e,SwftCoin (SWFTC)
0x60F5672A271C7E39E787427A18353ba59A4A3578,PIKA (PIKA)
0x0AF44e2784637218dD1D32A322D44e603A8f0c6A,Matryx (MTX)
0x29CbD0510EEc0327992CD6006e63F9Fa8E7f33B7,Tidal Token (TIDAL)
0x970B9bB2C0444F5E81e9d0eFb84C8ccdcdcAf84d,Fuse Token (FUSE)
0x6781a0F84c7E9e846DCb84A9a5bd49333067b104,ZAP TOKEN (ZAP)
0xe3818504c1B32bF1557b16C238B2E01Fd3149C17,PILLAR (PLR)
0x6758B7d441a9739b98552B373703d8d3d14f9e62,POA ERC20 on Foundation (POA20)
0xD8912C10681D8B21Fd3742244f44658dBA12264E,Pluton (PLU)
0xaAAf91D9b90dF800Df4F55c205fd6989c977E73a,Monolith (TKN)
0xc27A2F05fa577a83BA0fDb4c38443c0718356501,Lamden Tau (TAU)
0x2791BfD60D232150Bff86b39B7146c0eaAA2BA81,BiFi (BiFi)
0x2C974B2d0BA1716E644c1FC59982a89DDD2fF724,VIB (VIB)
0x41A3Dba3D677E573636BA691a70ff2D606c29666,GoBlank Token (BLANK)
0x2A8e1E676Ec238d8A992307B495b45B3fEAa5e86,Origin Dollar (OUSD)
0xDDD460bBD9F79847ea08681563e8A9696867210C,Spendcoin (SPND)
0x7b6F71c8B123b38aa8099e0098bEC7fbc35B8a13,Nerve Network (NVT)
0xADA86b1b313D1D5267E3FC0bB303f0A2b66D0Ea7,Covesting (COV)
0x2ef52Ed7De8c5ce03a4eF0efbe9B7450F2D7Edc9,Revain (REV)
0x1a7a8BD9106F2B8D977E08582DC7d24c723ab0DB,AppCoins (APPC)
0x08f5a9235B08173b7569F83645d2c7fB55e8cCD8,Tierion Network Token (TNT)
0x0f8c45B896784A1E408526B9300519ef8660209c,XMAX (XMX)
0xE477292f1B3268687A29376116B0ED27A9c76170,Herocoin (PLAY)
0xC0Eb85285d83217CD7c891702bcbC0FC401E2D9D,Hiveterminal Token (HVN)
0xea3983Fc6D0fbbC41fb6F6091f68F3e08894dC06,Unido (UDO)
0xC11b1268C1A384e55C48c2391d8d480264A3A7F4,Compound Wrapped BTC (cWBTC)
0xe25bCec5D3801cE3a794079BF94adF1B8cCD802D,MATRIX AI Network (MAN)
0x10Be9a8dAe441d276a5027936c3aADEd2d82bC15,https://unimex.network/ (UMX)
0xDD16eC0F66E54d453e6756713E533355989040E4,Tokenomy (TEN)
0x16484d73Ac08d2355F466d448D2b79D2039F6EBB,Knoxstertoken (FKX)
0xA487bF43cF3b10dffc97A9A744cbB7036965d3b9,Deri (DERI)
0x809826cceAb68c387726af962713b64Cb5Cb3CCA,NucleusVision (nCash)
0x0a50C93c762fDD6E56D86215C24AaAD43aB629aa,LGO Token (LGO)
0x4c327471C44B2dacD6E90525f9D629bd2e4f662C,GHOST (GHOST)
0x998FFE1E43fAcffb941dc337dD0468d52bA5b48A,Rupiah Token (IDRT)
0xcAaa93712BDAc37f736C323C93D4D5fDEFCc31CC,CryptalDash (CRD)
0xfFffFffF2ba8F66D4e51811C5190992176930278,Furucombo (COMBO)
0xac3211a5025414Af2866FF09c23FC18bc97e79b1,DOVU (DOV)
0x66186008C1050627F979d464eABb258860563dbE,MediShares (MDS)
0x3ebb4A4e91Ad83BE51F8d596533818b246F4bEe1,Signata (SATA)
0x48C3399719B582dD63eB5AADf12A40B4C3f52FA2,StakeWise (SWISE)
0x56A86d648c435DC707c8405B78e2Ae8eB4E60Ba4,StackOS (STACK)
0xDc5864eDe28BD4405aa04d93E05A0531797D9D59,Falcon (FNT)
0xeb547ed1D8A3Ff1461aBAa7F0022FED4836E00A4,Coinvest COIN V3 Token (COIN)
0x0CDF9acd87E940837ff21BB40c9fd55F68bba059,Public Mint (MINT)
0xD0660cD418a64a1d44E9214ad8e459324D8157f1,Woofy (WOOFY)
0x5136C98A80811C3f46bDda8B5c4555CFd9f812F0,indaHash Coin (IDH)
0xAcfa209Fb73bF3Dd5bBfb1101B9Bc999C49062a5,Blockchain Certified Data Token (BCDT)
0x155ff1A85F440EE0A382eA949f24CE4E0b751c65,Behodler.io (EYE)
0x846C66cf71C43f80403B51fE3906B3599D63336f,PumaPay (PMA)
0x68d57c9a1C35f63E2c83eE8e49A64e9d70528D25,SIRIN (SRN)
0x3832d2F059E55934220881F831bE501D180671A7,renDOGE (renDOGE)
0xAF691508BA57d416f895e32a1616dA1024e882D2,Pinknode Token (PNODE)
0x38c6A68304cdEfb9BEc48BbFaABA5C5B47818bb2,HPBCoin (HPB)
0x50bC2Ecc0bfDf5666640048038C1ABA7B7525683,cVToken (cV)
0xE9A95d175a5f4C9369f3b74222402eB1b837693b,ChangeNOW (NOW)
0xe469c4473af82217B30CF17b10BcDb6C8c796e75,EXRP Network (EXRN)
0x0f7F961648aE6Db43C75663aC7E5414Eb79b5704,XIO Network (XIO)
0x8c18D6a985Ef69744b9d57248a45c0861874f244,ClinTex (CTI)
0x107c4504cd79C5d2696Ea0030a8dD4e92601B82e,Bloom (BLT)
0x9AF839687F6C94542ac5ece2e317dAAE355493A1,Hydro Protocol (HOT)
0xCdeee767beD58c5325f68500115d4B722b3724EE,Carbon (CRBN)
0xD8E3FB3b08eBA982F2754988d70D57eDc0055ae6,Zoracles (ZORA)
0x0E29e5AbbB5FD88e28b2d355774e73BD47dE3bcd,Hakka Finance (HAKKA)
0x554FFc77F4251a9fB3c0E3590a6a205f8d4e067D,ZMINE Token (ZMN)
0x4C6eC08CF3fc987c6C4BEB03184D335A2dFc4042,Paint (PAINT)
0x922aC473A3cC241fD3a0049Ed14536452D58D73c,VALID (VLD)
0xAC9ce326e95f51B5005e9fE1DD8085a01F18450c,VeriSafe (VSF)
0xBbff34E47E559ef680067a6B1c980639EEb64D24,Leverj Gluon (L2)
0x2467AA6B5A2351416fD4C3DeF8462d841feeecEC,qiibeeToken (QBX)
0x28b5E12CcE51f15594B0b91d5b5AdaA70F684a02,NapoleonX (NPX)
0xF4134146AF2d511Dd5EA8cDB1C4AC88C57D60404,SunContract (SNC)
0x264Dc2DedCdcbb897561A57CBa5085CA416fb7b4,QunQunCommunities (QUN)
0x36F3FD68E7325a35EB768F1AedaAe9EA0689d723,Empty Set Dollar (ESD)
0x0Ebb614204E47c09B6C3FeB9AAeCad8EE060E23E,CPAY (CPAY)
0x1CCAA0F2a7210d76E1fDec740d5F323E2E1b1672,Faceter (FACE)
0x4f3AfEC4E5a3F2A6a1A411DEF7D7dFe50eE057bF,Digix Gold Token (DGX)
0x0A913beaD80F321E7Ac35285Ee10d9d922659cB7,DOS Network Token (DOS)
0x2ecB13A8c458c379c4d9a7259e202De03c8F3D19,Block-Chain.com Token (BC)
0x667088b212ce3d06a1b553a7221E1fD19000d9aF,WINGS (WINGS)
0xe516D78d784C77D479977BE58905B3f2b1111126,BitSpawn Token (SPWN)
0xf0Ee6b27b759C9893Ce4f094b49ad28fd15A23e4,Enigma (ENG)
0xe5feeaC09D36B18b3FA757E5Cf3F8dA6B8e27F4C,NFT INDEX (NFTI)
0x543Ff227F64Aa17eA132Bf9886cAb5DB55DCAddf,DAOstack (GEN)
0x6D0F5149c502faf215C89ab306ec3E50b15e2892,Portion Token (PRT)
0xEDD7c94FD7B4971b916d15067Bc454b9E1bAD980,Zippie (ZIPT)
0x2e2364966267B5D7D2cE6CD9A9B5bD19d9C7C6A9,Voice Token (VOICE)
0xAE1eaAE3F627AAca434127644371b67B18444051,YOP (YOP)
0xd341d1680Eeee3255b8C4c75bCCE7EB57f144dAe,onG (ONG)
0x3505F494c3f0fed0B594E01Fa41Dd3967645ca39,SWARM (SWM)
0xdD0020B1D5Ba47A54E2EB16800D73Beb6546f91A,aXpire (AXPR)
0x4CF488387F035FF08c371515562CBa712f9015d4,WePower (WPR)
0xc12d099be31567add4e4e4d0D45691C3F58f5663,Auctus (AUC)
0xfDBc1aDc26F0F8f8606a5d63b7D3a3CD21c22B23,1World (1WO)
0x2C4e8f2D746113d0696cE89B35F0d8bF88E0AEcA,Simple Token (ST)
0xfAE4Ee59CDd86e3Be9e8b90b53AA866327D7c090,CPChain (CPC)
0x1cBb83EbcD552D5EBf8131eF8c9CD9d9BAB342bC,Non-Fungible Yearn (NFY)
0x68037790A0229e9Ce6EaA8A99ea92964106C4703,PAR Stablecoin (PAR)
0xc666081073E8DfF8D3d1c2292A29aE1A2153eC09,DigitexFutures (DGTX)
0x37E8789bB9996CaC9156cD5F5Fd32599E6b91289,AidCoin (AID)
0xfc05987bd2be489ACCF0f509E44B0145d68240f7,ESSENTIA (ESS)
0x3449FC1Cd036255BA1EB19d65fF4BA2b8903A69a,BAC (BAC)
0x0f71B8De197A1C84d31de0F1fA7926c365F052B3,Arcona Distribution Contract (ARCONA)
0x048Fe49BE32adfC9ED68C37D32B5ec9Df17b3603,Skrumble Network V2 (SKM)
0xff2b3353c3015E9f1FBF95B9Bda23F58Aa7cE007,BitScreenerToken (BITX)
0x4D2eE5DAe46C86DA2FF521F7657dad98834f97b8,Pepemon (PPBLZ)
0x377d552914E7A104bC22B4F3B6268dDC69615Be7,NEXT (NEXT)
0xf14922001A2FB8541a433905437ae954419C2439,Inmediate (DIT)
0x8185Bc4757572Da2a610f887561c32298f1A5748,Aluna (ALN)
0x24E3794605C84E580EEA4972738D633E8a7127c8,Katalyo Token (KTLYO)
0x910Dfc18D6EA3D6a7124A6F8B5458F281060fa4c,X8XToken (X8X)
0x737F98AC8cA59f2C68aD658E3C3d8C8963E40a4c,Amon (AMN)
0x2baac9330Cf9aC479D819195794d79AD0c7616e3,AdBank (ADB)
0x661Ab0Ed68000491d98C796146bcF28c20d7c559,Shadows Network (DOWS)
0xf04a8ac553FceDB5BA99A64799155826C136b0Be,Flixx (FLIXX)
0xEA097A2b1dB00627B2Fa17460Ad260c016016977,Upfiring (UFR)
0x5d48F293BaED247A2D0189058bA37aa238bD4725,NeuroChain Clausius (NCC)
0xa150Db9b1Fa65b44799d4dD949D922c0a33Ee606,Digital Reserve Currency (DRC)
0x6A27348483D59150aE76eF4C0f3622A78B0cA698,MetaGraphChain (BKBT)
0xc528c28FEC0A90C083328BC45f587eE215760A0F,Endor Protocol Token (EDR)
0xcbCC0F036ED4788F63FC0fEE32873d6A7487b908,Humaniq (HMQ)
0x8Ae4BF2C33a8e667de34B54938B0ccD03Eb8CC06,Patientory (PTOY)
0xe0955F26515d22E347B17669993FCeFcc73c3a0a,Stacker Ventures Token (STACK)
0x55a290f08Bb4CAe8DcF1Ea5635A3FCfd4Da60456,BITTO (BITTO)
0xd31695a1d35E489252CE57b129FD4b1B05E6AcaC,TOKPIE (TKP)
0x5c64031C62061865E5FD0F53d3CDaeF80f72E99D,HASHGARD (GARD)
0x83984d6142934bb535793A82ADB0a46EF0F66B6d,REMME (REM)
0xa7ED29B253D8B4E3109ce07c80fc570f81B63696,BAS (BAS)
0x41dBECc1cdC5517C6f76f6a6E836aDbEe2754DE3,MedToken (MTN)
0x9B20DaBcec77f6289113E61893F7BEeFAEB1990a,Fair Token (FAIR)
0x1961B3331969eD52770751fC718ef530838b6dEE,BitDegree (BDG)
0x905E337c6c8645263D3521205Aa37bf4d034e745,Medical Token Currency (MTC)
0x574F84108a98c575794F75483d801d1d5DC861a5,Robotina token (ROX)
0xA9d2927d3a04309E008B6af6E2e282AE2952e7fD,Zipper (ZIP)
0x7DEE45dff03ec7137979586cA20a2F4917BAC9Fa,DeFiWizard Token (DWZ)
0xa8006C4ca56F24d6836727D106349320dB7fEF82,Internxt (INXT)
0xd07D9Fe2d2cc067015E2b4917D24933804f42cFA,Tolar Token (TOL)
0x539F3615C1dBAfa0D008d87504667458acBd16Fa,FERA (FERA)
0x9AF4f26941677C706cfEcf6D3379FF01bB85D5Ab,DomRaiderToken (DRT)
0xF70a642bD387F94380fFb90451C2c81d4Eb82CBc,Starbase (STAR)
0x429876c4a6f89FB470E92456B8313879DF98B63c,Cryption Network Token (CNT)
0x96A65609a7B84E8842732DEB08f56C3E21aC6f8a,Centra (CTR)
0xAA19961b6B858D9F18a115f25aa1D98ABc1fdBA8,LocalCoinSwap Cryptoshare (LCS)
0x0E22734e078d6e399BCeE40a549DB591C4EA46cB,Streamity (STM)
0x8578530205CEcbe5DB83F7F29EcfEEC860C297C2,AOG (AOG)
0xFf19138b039D938db46bDDA0067DC4BA132ec71C,Snetwork (SNET)
0x7d4b8Cce0591C9044a22ee543533b72E976E36C3,ChangeBank (CAG)
0x998b3B82bC9dBA173990Be7afb772788B5aCB8Bd,BANCA (BANCA)
0xd9485499499d66B175Cf5ED54c0a19f1a6Bcb61A,UseChain Token (USE)
0x63f584FA56E60e4D0fE8802b27C7e6E3b33E007f,ContentBox Token (BOX)
0xc42209aCcC14029c1012fB5680D95fBd6036E2a0,PayPie (PPP)
0x83e2BE8d114F9661221384B3a50d24B96a5653F5,0xcert Protocol Token (ZXC)
0x7f1F2D3dFa99678675ECE1C243d3f7bC3746db5D,Tapmydata (TAP)
0x14Da7b27b2E0FedEfe0a664118b0c9bc68e2E9AF,Blockchain Cuties Universe Governance Token (BCUG)
0xd559f20296FF4895da39b5bd9ADd54b442596a61,FintruX Network (FTX)
0x2ccbFF3A042c68716Ed2a2Cb0c544A9f1d1935E1,DMarket (DMT)
0x9b4e2B4B13d125238Aa0480dD42B4f6fC71b37CC,MT Token (MT)
0xcbd55D4fFc43467142761A764763652b48b969ff,AstroTools.io (ASTRO)
0x8D75959f1E61EC2571aa72798237101F084DE63a,Substratum (SUB)
0x539EfE69bCDd21a83eFD9122571a64CC25e0282b,Ethereum Blue (BLUE)
0x06e0feB0D74106c7adA8497754074D222Ec6BCDf,BitBall (BTB)
0xCb94be6f13A1182E4A4B6140cb7bf2025d28e41B,Trustcoin (TRST)
0xEA54C81fe0f72DE8e86B6dC78a9271AA3925E3B5,BGGToken (BGG)
0x687174f8C49ceb7729D925C3A961507ea4Ac7b28,GAT (GAT)
0xe530441f4f73bDB6DC2fA5aF7c3fC5fD551Ec838,GSENetwork (GSE)
0x93dfaf57D986B9cA77Df9376c50878E013D9c7C8,RARE.UNIQUE (RARE)
0x740623d2c797b7D8D1EcB98e9b4Afcf99Ec31E14,DoYourTip (DYT)
0xD49ff13661451313cA1553fd6954BD1d9b6E02b9,ElectrifyAsia (ELEC)
0xEda8B016efA8b1161208Cf041cD86972eeE0F31E,I HOUSE TOKEN (IHT)
0x68AA3F232dA9bdC2343465545794ef3eEa5209BD,Mothership (MSP)
0x91e64F39C1FE14492e8FDf5A8B0f305BD218C8A1,Vodi X (VDX)
0xEeEeeeeEe2aF8D0e1940679860398308e0eF24d6,Ethverse Token (ETHV)
0xFb5a551374B656C6e39787B1D3A03fEAb7f3a98E,ThingsOpreatingSystem (TOS)
0xBDFA65533074B0b23EbC18c7190BE79Fa74b30c2,Zloadr Token (ZDR)
0xB5DBC6D3cf380079dF3b27135664b6BCF45D1869,Omix (OMX)
0x3136eF851592aCf49CA4C825131E364170FA32b3,CoinFi (COFI)
0x8727c112C712c4a03371AC87a74dD6aB104Af768,Jetcoin (JET)
0x0e0989b1f9B8A38983c2BA8053269Ca62Ec9B195,Po.et (POE)
0xf8e386EDa857484f5a12e4B5DAa9984E06E73705,Indorse (IND)
0x60c68a87bE1E8a84144b543AAcfA77199cd3d024,Themis (GET)
0xBC86727E770de68B1060C91f6BB6945c73e10388,Ink Protocol (XNK)
0x81c9151de0C8bafCd325a57E3dB5a5dF1CEBf79c,Datum (DAT)
0xaeC2E87E0A235266D9C5ADc9DEb4b2E29b54D009,SNGLS (SNGLS)
0x1d37986F252d0e349522EA6C3B98Cb935495E63E,ChartEx (CHART)
0xD0D6D6C5Fe4a677D343cC433536BB717bAe167dD,AdToken (ADT)
0x44f262622248027f8E2a8Fb1090c4Cf85072392C,INVERSE (XIV)
0xf1F508c7C9f0d1b15a76fbA564eEf2d956220cf7,Pepedex (PPDEX)
0xba2184520A1cC49a6159c57e61E1844E085615B6,HelloGold (HGT)
0x0000000000004946c0e9F43F4Dee607b0eF1fA1c,Chi Gastoken by 1inch (CHI)
0x8D3E855f3f55109D473735aB76F753218400fe96,Bundles (BUND)
0xFFE02ee4C69eDf1b340fCaD64fbd6b37a7b9e265,NANJCOIN (NANJ)
0x459086F2376525BdCebA5bDDA135e4E9d3FeF5bf,renBCH (renBCH)
0x1dEa979ae76f26071870F824088dA78979eb91C8,SPINDLE (SPD)
0x3A92bD396aEf82af98EbC0Aa9030D25a23B11C6b,Tokenbox (TBX)
0xfa05A73FfE78ef8f1a739473e462c54bae6567D9,Lunyr (LUN)
0x1c4481750daa5Ff521A2a7490d9981eD46465Dbd,BLOCKMASON CREDIT PROTOCOL TOKEN (BCPT)
0xA13f0743951B4f6E3e3AA039f682E17279f52bc3,Sentinel Chain (SENC)
0xeaf61FC150CD5c3BeA75744e830D916E60EA5A9F,Typerium (TYPE)
0xAa0bb10CEc1fa372eb3Abc17C933FC6ba863DD9E,Hms Token (HMC)
0x83cee9e086A77e492eE0bB93C2B0437aD6fdECCc,Goldmint MNT Prelaunch Token (MNTP)
0x923108a439C4e8C2315c4f6521E5cE95B44e9B4c,Devery.io (EVE)
0x04B5E13000C6e9A3255Dc057091F3e3Eeee7b0f0,UNIFUND (iFUND)
0xB81D70802a816B5DacBA06D708B5acF19DcD436D,Dextoken Governance (DEXG)
0x9f20Ed5f919DC1C1695042542C13aDCFc100dcab,Component (CMP)
0x491C9A23DB85623EEd455a8EfDd6AbA9b911C5dF,HeroNodeToken (HER)
0x877C7dEb5eB1fc5faAd30C71E3a6E39DC8b1519F,HeartBout (HB)
0x4355fC160f74328f9b383dF2EC589bB3dFd82Ba0,Opus (OPT)
0xbdEB4b83251Fb146687fa19D1C660F99411eefe3,savedroid (SVD)
0x48C1B2f3eFA85fbafb2ab951bF4Ba860a08cdBB7,ShowHand (HAND)
0x5D4d57cd06Fa7fe99e26fdc481b468f77f05073C,Netkoin (NTK)
0x3c4bEa627039F0B7e7d21E34bB9C9FE962977518,UCOT (UCT)
0x4b4D2e899658FB59b1D518b68fe836B100ee8958,MIS (MIS)
0xc96DF921009B790dfFcA412375251ed1A2b75c60,Ormeus Coin (ORME)
0x47bc01597798DCD7506DCCA36ac4302fc93a8cFb,Crowd Machine Compute Token (CMCT)
0xf7B098298f7C69Fc14610bf71d5e02c60792894C,Guppy (Guppy)
0x7654915A1b82D6D2D0AFc37c52Af556eA8983c7E,Feed (IFT)
0x2c949199cFF14AEAF1B33D64Db01F48FB57f592f,CoinBene Coin (CONI)
0x4689a4e169eB39cC9078C0940e21ff1Aa8A39B9C,Proton Token (PTT)
0x095648BC80a7d1Dd16B85E9B84F07463a20f3536,BabyPunks (BPUNKS)
0x780116D91E5592E58a3b3c76A351571b39abCEc6,Boxx (BOXX)
0x4954Db6391F4feB5468b6B943D4935353596aEC9,USDQ Stablecoin by Q DAO v1.0 (USDQ)
0x56e0B2C7694E6e10391E870774daA45cf6583486,DUO Network Token (DUO)
0x8dB54ca569D3019A2ba126D03C37c44b5eF81EF6,DataWallet (DXT)
0x63e634330A20150DbB61B15648bC73855d6CCF07,Lancer Token (LNC)
0xf344490ABd414DaFa97f34c8Ca501B0aa5Bf8873,Webcoin (WEB)
0xDaab5E695bb0E8Ce8384ee56BA38fA8290618e52,Crypto Daily Token (CRDT)
0xFEF3884b603C33EF8eD4183346E093A173C94da6,MetaMorph (METM)
0x90528aeb3a2B736B780fD1B6C478bB7E1d643170,XPlay (XPA)
0xfF5c25D2F40B47C4a37f989DE933E26562Ef0Ac0,Kora Network Token (KNT)
0x7B68D272EDa2185ea2F9283F241b1c44C51e712A,Okschain Token (OKS)
0xAbC430136A4dE71c9998242de8c1b4B97D2b9045,Veros (VRS)
0x45245bc59219eeaAF6cD3f382e078A461FF9De7B,BANKEX (BKX)
0x2aECCB42482cc64E087b6D2e5Da39f5A7A7001f8,Ruler Protocol (RULER)
0x7Fc66500c84A76Ad7e9c93437bFc5Ac33E2DDaE9,'Aave'
0xD533a949740bb3306d119CC777fa900bA034cd52,'Curve DAO Token'
0xbC396689893D065F41bc2C6EcbeE5e0085233447,'Perpetual Protocol'
0x408e41876cCCDC0F92210600ef50372656052a38,'Ren'
0x5245C0249e5EEB2A0838266800471Fd32Adb1089,'Raydium'
0x8290333ceF9e6D528dD5618Fb97a76f268f3EDD4,'Ankr'
0x674C6Ad92Fd080e4004b2312b45f796a192D27a0,'Neutrino USD'
0x6810e776880C02933D47DB1b9fc05908e5386b96,'Gnosis'
0x8CE9137d39326AD0cD6491fb5CC0CbA0e089b6A9,'Swipe'
0xa1faa113cbE53436Df28FF0aEe54275c13B40975,'Alpha Finance Lab'
0x8762db106B2c2A0bccB3A80d1Ed41273552616E8,'Reserve Rights'
0xDDB3422497E61e13543BeA06989C0789117555c5,'COTI'
0xFE3E6a25e6b192A42a44ecDDCd13796471735ACf,'Reef'
0x3472A5A71965499acd81997a54BBA8D852C6E53d,'Badger DAO'
0x1985365e9f78359a9B6AD760e32412f4a445E862,'Augur'
0x8Fc8f8269ebca376D046Ce292dC7eaC40c8D358A,'DeFiChain'
0x5f98805A4E8be255a32880FDeC7F6728C6568bA0,'Liquity USD'
0xa0246c9032bC3A600820415aE600c6388619A14D,'Harvest Finance'
0x8Ab7404063Ec4DBcfd4598215992DC3F8EC853d7,'Akropolis'
0xCC4304A31d09258b0029eA7FE63d032f52e44EFe,'TrustSwap'
0xD46bA6D942050d489DBd938a2C909A5d5039A161,'Ampleforth'
0x0f51bb10119727a7e5eA3538074fb341F56B09Ad,'DAO Maker'
0x62359Ed7505Efc61FF1D56fEF82158CcaffA23D7,'cVault.finance'
0x990f341946A3fdB507aE7e52d17851B87168017c,'Strong'
0x2ba592F78dB6436527729929AAf6c908497cB200,'Cream Finance'
0xf8C3527CC04340b208C854E985240c02F7B7793f,'Frontier'
0xA9B1Eb5908CfC3cdf91F9B8B3a74108598009096,'Bounce Token'
0x87d73E916D7057945c9BcD8cdd94e42A6F47f776,'NFTX'
0x33349B282065b0284d756F0577FB39c158F935e6,'Maple'
0x03ab458634910AaD20eF5f1C8ee96F1D6ac54919,'Rai Reflex Index'
0x88EF27e69108B2633F8E1C184CC37940A075cC02,'Dego Finance'
0x38e4adB44ef08F22F5B5b76A8f0c2d0dCbE7DcA1,'PowerPool'
0x6243d8CEA23066d098a15582d81a598b4e8391F4,'Reflexer Ungovernance Token'
0x0763fdCCF1aE541A5961815C0872A8c5Bc6DE4d7,'SUKU'
0x1cEB5cB57C4D4E2b2433641b95Dd330A33185A44,'Keep3rV1'
0x6DEA81C8171D0bA574754EF6F8b412F2Ed88c54D,'Liquity'
0x1FCdcE58959f536621d76f5b7FfB955baa5A672F,'ForTube'
0x95a4492F028aa1fd432Ea71146b433E7B4446611,'APY.Finance'
0x441761326490cACF7aF299725B6292597EE822c2,'Unifi Protocol DAO'
0x993864E43Caa7F7F12953AD6fEb1d1Ca635B875F,'SingularityDAO'
0xde4EE8057785A7e8e800Db58F9784845A5C2Cbd6,'DeXe'
0x485d17A6f1B8780392d53D64751824253011A260,'Chrono.tech'
0xA4EED63db85311E22dF4473f87CcfC3DaDCFA3E3,'Rubic'
0x8888801aF4d980682e47f1A9036e589479e835C5,'88mph'
0xE5CAeF4Af8780E59Df925470b050Fb23C43CA68C,'Ferrum Network'
0x6fC13EACE26590B80cCCAB1ba5d51890577D83B2,'Umbrella Network'
0xd1e2d5085b39B80C9948AeB1b9aA83AF6756bcc5,'Oxen'
0xa393473d64d2F9F026B60b6Df7859A689715d092,'Lattice Token'
0xa1d65E8fB6e87b60FECCBc582F7f97804B725521,'DXdao'
0x3c9d6c1C73b31c837832c72E04D3152f051fc1A9,'BoringDAO'
0xFc979087305A826c2B2a0056cFAbA50aad3E6439,'DAFI Protocol'
0x63b4f3e3fa4e438698CE330e365E831F7cCD1eF4,'CyberFi Token'
0xcafE34BAE6F1b23A6B575303EdCc0578d2188131,'Minter Network'
0xc813EA5e3b48BEbeedb796ab42A30C5599b01740,'Autonio'
0xEd0439EACf4c4965AE4613D77a5C2Efe10e5f183,'Niftyx Protocol'
0x875773784Af8135eA0ef43b5a374AaD105c5D39e,'Idle'
0x888888888889C00c67689029D7856AAC1065eC11,'Opium'
0xB8BAa0e4287890a5F79863aB62b7F175ceCbD433,'Swerve'
0xFAc3f6391C86004289A186Ae0198180fCB4D49Ab,'Alpha Impact'
0xB1f66997A5760428D3a87D68b90BfE0aE64121cC,'LuaSwap'
0x43A96962254855F16b925556f9e97BE436A43448,'Hord'
0x054f76beED60AB6dBEb23502178C52d6C5dEbE40,'DeFiner'
0xB97FaF860045483E0C7F08c56acb31333084a988,'Vanilla Network'
0x91dFbEE3965baAEE32784c2d546B7a0C62F268c9,'Bondly'
0x961C8c0B1aaD0c0b10a51FeF6a867E3091BCef17,'DeFi Yield Protocol'
0xE4CFE9eAa8Cdb0942A80B7bC68fD8Ab0F6D44903,'Xend Finance'
0x066798d9ef0833ccc719076Dab77199eCbd178b0,'SakeToken'
0x5F0E628B693018f639D10e4A4F59BD4d8B2B6B44,'Whiteheart'
0x383518188C0C6d7730D91b2c03a03C837814a899,Olympus
0x8798249c2E607446EfB7Ad49eC89dD1865Ff4272,xSUSHI
0x5e74C9036fb86BD7eCdcb084a0673EFc32eA31cb,sETH
0x2e9d63788249371f1DFC918a52f8d799F4a38C94,Tokemak
0xdBdb4d16EdA451D0503b854CF79D55697F90c8DF,Alchemix
0xfE18be6b3Bd88A2D2A7f928d00292E7a9963CfC6,sBTC
0x09a3EcAFa817268f77BE1283176B946C4ff2E608,Mirror Protocol
0x0258F474786DdFd37ABCE6df6BBb1Dd5dfC4434a,Orion Protocol
0xBC6DA0FE9aD5f3b0d58160288917AA56653660E9,Alchemix USD
0x83e6f1E41cdd28eAcEB20Cb649155049Fac3D5Aa,Polkastarter
0x1494CA1F11D487c2bBe4543E90080AeBa4BA3C2b,DeFiPulse Index
0x35A18000230DA775CAc24873d00Ff85BccdeD550,cUNI
0xAa6E8127831c9DE45ae56bB1b0d4D4Da6e5665BD,ETH 2x Flexible Leverage Index
0x0b38210ea11411557c13457D4dA7dC6ea731B88a,API3
0xB705268213D593B8FD88d3FDEFF93AFF5CbDcfAE,IDEX
0xfA5047c9c78B8877af97BDcb85Db743fD7313d4a,KeeperDAO
0x3E9BC21C9b189C09dF3eF1B824798658d5011937,Linear
0xa1d0E215a23d7030842FC67cE582a6aFa3CCaB83,DFI.money
0x3A880652F47bFaa771908C07Dd8673A787dAEd3A,DerivaDAO
0x4e352cF164E64ADCBad318C3a1e222E9EBa4Ce42,MCDEX
0x33D0568941C0C64ff7e0FB4fbA0B11BD37deEd9f,RAMP
0xA91ac63D040dEB1b7A5E4d4134aD23eb0ba07e14,Bella Protocol
0x8064d9Ae6cDf087b1bcd5BDf3531bD5d8C537a68,BoringDAO BTC
0xD71eCFF9342A5Ced620049e616c5035F1dB98620,sEUR
0x77777FeDdddFfC19Ff86DB637967013e6C6A116C,Tornado Cash
0x6f40d4A6237C257fff2dB00FA0510DeEECd303eb,Instadapp
0x07baC35846e5eD502aA91AdF6A9e7aA210F2DcbE,Sifchain
0x0E192d382a36De7011F795Acc4391Cd302003606,Futureswap
0xF938424F7210f31dF2Aee3011291b658f872e91e,Visor
0x0954906da0Bf32d5479e25f46056d22f08464cab,Index Cooperative
0x73968b9a57c6E53d41345FD57a6E6ae27d6CDB2F,Stake DAO
0x8dAEBADE922dF735c38C80C7eBD708Af50815fAa,tBTC
0x41D5D79431A913C4aE7d69a668ecdfE5fF9DFB68,Inverse Finance
0x6399C842dD2bE3dE30BF99Bc7D1bBF6Fa3650E70,Premia
0x43044f861ec040DB59A7e324c40507adDb673142,Cap
0x0fF6ffcFDa92c53F615a4A75D982f399C989366b,UniLayer
0xf418588522d5dd018b425E472991E52EBBeEEEEE,Ethereum Push Notification Service - EPNS
0x04abEdA201850aC0124161F037Efd70c74ddC74C,Nest Protocol
0x773258b03c730F84aF10dFcB1BfAa7487558B8Ac,Secret Finance
0x3D658390460295FB963f54dC0899cfb1c30776Df,Circuits of Value
0x92E187a03B6CD19CB6AF293ba17F2745Fd2357D5,Unit Protocol New
0xeEAA40B28A2d1b0B08f6f97bB1DD4B75316c6107,Govi
0x1321f1f1aa541A56C31682c57b80ECfCCd9bB288,ARC Governance
0x28cb7e841ee97947a86B06fA4090C8451f64c0be,YF Link
0x903bEF1736CDdf2A537176cf3C64579C3867A881,ICHI
0xaDB2437e6F65682B85F814fBc12FeC0508A7B1D0,UniCrypt
0xCc80C051057B774cD75067Dc48f8987C4Eb97A5e,Nectar
0xD23Ac27148aF6A2f339BD82D0e3CFF380b5093de,Siren
0x1Da87b114f35E1DC91F72bF57fc07A768Ad40Bb0,Equalizer
0x888888435FDe8e7d4c54cAb67f206e4199454c60,DFX Finance
0x8642A849D0dcb7a15a974794668ADcfbe4794B56,Prosper
0xB4d930279552397bbA2ee473229f89Ec245bc365,MahaDAO
0x86772b1409b61c639EaAc9Ba0AcfBb6E238e5F83,Indexed Finance
0x7F3EDcdD180Dbe4819Bd98FeE8929b5cEdB3AdEB,xToken
0x5BC25f649fc4e26069dDF4cF4010F9f706c23831,DefiDollar
0x429881672B9AE42b8EbA0E26cD9C73711b891Ca5,Pickle Finance
0xEd40834A13129509A89be39a9bE9C0E96A0DDd71,Warp Finance
0x49E833337ECe7aFE375e44F4E3e8481029218E5c,Value DeFi
0xC76FB75950536d98FA62ea968E1D6B45ffea2A55,Unit Protocol
0x196f4727526eA7FB1e17b2071B3d8eAA38486988,Reserve
0x0AaCfbeC6a24756c20D41914F2caba817C0d8521,YAM
0xccF4429DB6322D5C611ee964527D42E5d685DD6a,cWBTC
0xE61fDAF474Fac07063f2234Fb9e60C1163Cfa850,Coin
0x7968bc6a03017eA2de509AAA816F163Db0f35148,Hedget
0x6bB61215298F296C55b19Ad842D3Df69021DA2ef,Drops Ownership Power
0xE0e05c43c097B0982Db6c9d626c4eb9e95C3b9ce,Unslashed Finance
0x20945cA1df56D237fD40036d47E866C7DcCD2114,Nsure Network
0x6F87D756DAf0503d08Eb8993686c7Fc01Dc44fB1,Unitrade
0x7866E48C74CbFB8183cd1a929cd9b95a7a5CB4F4,DexKit
0xbd1848e1491d4308Ad18287A745DD4DB2A4BD55B,Mochi Market
0x793786e2dd4Cc492ed366a94B88a3Ff9ba5E7546,Axia
0xa283aA7CfBB27EF0cfBcb2493dD9F4330E0fd304,MM Token
0xaD6A626aE2B43DCb1B39430Ce496d2FA0365BA9C,PieDAO DEFI Small Cap
0xaB37e1358b639Fd877f015027Bb62d3ddAa7557E,Lien
0xb4bebD34f6DaaFd808f73De0d10235a92Fbb6c3D,Yearn Ecosystem Token Index
0x837010619aeb2AE24141605aFC8f66577f6fb2e7,zHEGIC
0xA1AFFfE3F4D611d252010E3EAf6f4D77088b0cd7,reflect.finance
0x94d863173EE77439E4292284fF13fAD54b3BA182,Delphi
0x0327112423F3A68efdF1fcF402F6c5CB9f7C33fd,PieDAO BTC++
0x39795344CBCc76cC3Fb94B9D1b15C23c2070C66D,Seigniorage Shares
0x44564d0bd94343f72E3C8a0D22308B7Fa71DB0Bb,BasketDAO
0xA8e7AD77C60eE6f30BaC54E2E7c0617Bd7B5A03E,zLOT
0x607C794cDa77efB21F8848B7910ecf27451Ae842,DeFiPie
0xA9859874e1743A32409f75bB11549892138BBA1E,iETH
0x17525E4f4Af59fbc29551bC4eCe6AB60Ed49CE31,PieDAO Yearn Ecosystem Pie
0x261EfCdD24CeA98652B9700800a13DfBca4103fF,sXAU
0xaBAfA52D3d5A2c18A4C1Ae24480D22B831fC0413,Future Of Finance Fund
0x76c5449F4950f6338A393F53CdA8b53B0cd3Ca3a,BT.Finance
0x3a3A65aAb0dd2A17E3F1947bA16138cd37d08c04,Aave ETH v1
0xfC1E690f61EFd961294b3e1Ce3313fBD8aa4f85d,Aave DAI v1
0x3212b29E33587A00FB1C83346f5dBFA69A458923,The Tokenized Bitcoin
0x07C44B5Ac257C2255AA0933112c3b75A6BFf3Cb1,BoringDAO LTC
0xBeBdab6DA046Bc49ffBb61fbD7b33157Eb270D05,Shard Coin
0xdb0aCC14396D108b3C5574483aCB817855C9dc8d,Overline Emblem
0x59d4CCC94A9C4C3d3b4bA2Aa343a9bDF95145DD1,QUSD Stablecoin
0x65d9bC970aA9B2413027fA339F7f179B3F3f2604,Chemix Ecology Governance Token
